_id,region,total_revenue
046e2892-51cc-435b-ae28-9251cc635b04,Australia and Oceania,10711258.13
a1ba8a66-6bda-4676-ba8a-666bdaa6762c,Asia,28840812.189999998
5d1799b2-9aef-48f9-9799-b29aef58f978,Middle East and North Africa,24765127.25
b1a874c6-5676-41c4-a874-c6567641c478,Central America and the Caribbean,17570835.42
a7ce0ab0-6688-4833-8e0a-b06688183375,Europe,34964749.83
4dd7070e-6633-4f20-9707-0e6633af208a,Sub-Saharan Africa,24225437.42
ce7a92bd-15b0-44fd-ba92-bd15b0d4fdd5,North America,3611757.5199999996
